timestamp_localtime,experiment,pioreactor_unit,timestamp,event,volume_change_ml,source_of_event
2023-11-28 01:50:15,Spirulina 003,pio001,2023-11-28T01:50:15.343053Z,add_media,0.1,dosing_automation:turbidostat
2023-11-28 01:50:21,Spirulina 003,pio001,2023-11-28T01:50:21.603863Z,remove_waste,0.1,dosing_automation:turbidostat
2023-11-28 01:50:23,Spirulina 003,pio001,2023-11-28T01:50:23.118511Z,remove_waste,0.2,dosing_automation:turbidostat
2023-11-28 01:56:15,Spirulina 003,pio001,2023-11-28T01:56:15.309350Z,add_media,0.1,dosing_automation:turbidostat
2023-11-28 01:56:21,Spirulina 003,pio001,2023-11-28T01:56:21.562055Z,remove_waste,0.1,dosing_automation:turbidostat
2023-11-28 01:56:23,Spirulina 003,pio001,2023-11-28T01:56:23.026235Z,remove_waste,0.2,dosing_automation:turbidostat
2023-11-28 01:59:15,Spirulina 003,pio001,2023-11-28T01:59:15.302836Z,add_media,0.1,dosing_automation:turbidostat
2023-11-28 01:59:21,Spirulina 003,pio001,2023-11-28T01:59:21.546043Z,remove_waste,0.1,dosing_automation:turbidostat
2023-11-28 01:59:23,Spirulina 003,pio001,2023-11-28T01:59:23.016388Z,remove_waste,0.2,dosing_automation:turbidostat
2023-11-28 02:13:45,Spirulina 003,pio001,2023-11-28T02:13:45.343285Z,add_media,0.1,dosing_automation:turbidostat
2023-11-28 02:13:51,Spirulina 003,pio001,2023-11-28T02:13:51.598905Z,remove_waste,0.1,dosing_automation:turbidostat
2023-11-28 02:13:53,Spirulina 003,pio001,2023-11-28T02:13:53.075522Z,remove_waste,0.2,dosing_automation:turbidostat
2023-11-28 02:43:45,Spirulina 003,pio001,2023-11-28T02:43:45.309181Z,add_media,0.1,dosing_automation:turbidostat
2023-11-28 02:43:51,Spirulina 003,pio001,2023-11-28T02:43:51.553929Z,remove_waste,0.1,dosing_automation:turbidostat
2023-11-28 02:43:53,Spirulina 003,pio001,2023-11-28T02:43:53.007774Z,remove_waste,0.2,dosing_automation:turbidostat
2023-11-28 03:05:45,Spirulina 003,pio001,2023-11-28T03:05:45.308205Z,add_media,0.1,dosing_automation:turbidostat
2023-11-28 03:05:51,Spirulina 003,pio001,2023-11-28T03:05:51.568984Z,remove_waste,0.1,dosing_automation:turbidostat
2023-11-28 03:05:53,Spirulina 003,pio001,2023-11-28T03:05:53.029563Z,remove_waste,0.2,dosing_automation:turbidostat
2023-11-28 03:52:15,Spirulina 003,pio001,2023-11-28T03:52:15.320024Z,add_media,0.1,dosing_automation:turbidostat
2023-11-28 03:52:21,Spirulina 003,pio001,2023-11-28T03:52:21.582094Z,remove_waste,0.1,dosing_automation:turbidostat
2023-11-28 03:52:23,Spirulina 003,pio001,2023-11-28T03:52:23.042771Z,remove_waste,0.2,dosing_automation:turbidostat
2023-11-28 04:20:45,Spirulina 003,pio001,2023-11-28T04:20:45.313939Z,add_media,0.1,dosing_automation:turbidostat
2023-11-28 04:20:51,Spirulina 003,pio001,2023-11-28T04:20:51.574215Z,remove_waste,0.1,dosing_automation:turbidostat
2023-11-28 04:20:53,Spirulina 003,pio001,2023-11-28T04:20:53.042677Z,remove_waste,0.2,dosing_automation:turbidostat
2023-11-28 07:10:15,Spirulina 003,pio001,2023-11-28T07:10:15.304673Z,add_media,0.1,dosing_automation:turbidostat
2023-11-28 07:10:21,Spirulina 003,pio001,2023-11-28T07:10:21.552358Z,remove_waste,0.1,dosing_automation:turbidostat
2023-11-28 07:10:23,Spirulina 003,pio001,2023-11-28T07:10:23.029598Z,remove_waste,0.2,dosing_automation:turbidostat
2023-11-28 09:43:45,Spirulina 003,pio001,2023-11-28T09:43:45.310647Z,add_media,0.1,dosing_automation:turbidostat
2023-11-28 09:43:51,Spirulina 003,pio001,2023-11-28T09:43:51.558715Z,remove_waste,0.1,dosing_automation:turbidostat
2023-11-28 09:43:53,Spirulina 003,pio001,2023-11-28T09:43:53.020484Z,remove_waste,0.2,dosing_automation:turbidostat
2023-11-28 09:50:15,Spirulina 003,pio001,2023-11-28T09:50:15.241852Z,add_media,0.1,dosing_automation:turbidostat
2023-11-28 09:50:21,Spirulina 003,pio001,2023-11-28T09:50:21.485427Z,remove_waste,0.1,dosing_automation:turbidostat
2023-11-28 09:50:22,Spirulina 003,pio001,2023-11-28T09:50:22.953634Z,remove_waste,0.2,dosing_automation:turbidostat
2023-11-28 10:33:15,Spirulina 003,pio001,2023-11-28T10:33:15.304769Z,add_media,0.1,dosing_automation:turbidostat
2023-11-28 10:33:21,Spirulina 003,pio001,2023-11-28T10:33:21.558579Z,remove_waste,0.1,dosing_automation:turbidostat
2023-11-28 10:33:23,Spirulina 003,pio001,2023-11-28T10:33:23.085622Z,remove_waste,0.2,dosing_automation:turbidostat
2023-11-28 10:46:45,Spirulina 003,pio001,2023-11-28T10:46:45.212244Z,add_media,0.1,dosing_automation:turbidostat
2023-11-28 10:46:51,Spirulina 003,pio001,2023-11-28T10:46:51.496705Z,remove_waste,0.1,dosing_automation:turbidostat
2023-11-28 10:46:52,Spirulina 003,pio001,2023-11-28T10:46:52.997108Z,remove_waste,0.2,dosing_automation:turbidostat
2023-11-28 11:05:45,Spirulina 003,pio001,2023-11-28T11:05:45.348283Z,add_media,0.1,dosing_automation:turbidostat
2023-11-28 11:05:51,Spirulina 003,pio001,2023-11-28T11:05:51.593902Z,remove_waste,0.1,dosing_automation:turbidostat
2023-11-28 11:05:53,Spirulina 003,pio001,2023-11-28T11:05:53.060786Z,remove_waste,0.2,dosing_automation:turbidostat
2023-11-28 12:47:15,Spirulina 003,pio001,2023-11-28T12:47:15.309202Z,add_media,0.1,dosing_automation:turbidostat
2023-11-28 12:47:21,Spirulina 003,pio001,2023-11-28T12:47:21.560026Z,remove_waste,0.1,dosing_automation:turbidostat
2023-11-28 12:47:23,Spirulina 003,pio001,2023-11-28T12:47:23.028011Z,remove_waste,0.2,dosing_automation:turbidostat
2023-11-28 13:21:45,Spirulina 003,pio001,2023-11-28T13:21:45.308889Z,add_media,0.1,dosing_automation:turbidostat
2023-11-28 13:21:51,Spirulina 003,pio001,2023-11-28T13:21:51.573553Z,remove_waste,0.1,dosing_automation:turbidostat
2023-11-28 13:21:53,Spirulina 003,pio001,2023-11-28T13:21:53.047882Z,remove_waste,0.2,dosing_automation:turbidostat
2023-11-28 13:54:15,Spirulina 003,pio001,2023-11-28T13:54:15.307548Z,add_media,0.1,dosing_automation:turbidostat
2023-11-28 13:54:21,Spirulina 003,pio001,2023-11-28T13:54:21.563815Z,remove_waste,0.1,dosing_automation:turbidostat
2023-11-28 13:54:23,Spirulina 003,pio001,2023-11-28T13:54:23.025955Z,remove_waste,0.2,dosing_automation:turbidostat
2023-11-28 14:24:45,Spirulina 003,pio001,2023-11-28T14:24:45.309471Z,add_media,0.1,dosing_automation:turbidostat
2023-11-28 14:24:51,Spirulina 003,pio001,2023-11-28T14:24:51.561512Z,remove_waste,0.1,dosing_automation:turbidostat
2023-11-28 14:24:53,Spirulina 003,pio001,2023-11-28T14:24:53.023966Z,remove_waste,0.2,dosing_automation:turbidostat
2023-11-28 14:41:45,Spirulina 003,pio001,2023-11-28T14:41:45.311728Z,add_media,0.1,dosing_automation:turbidostat
2023-11-28 14:41:51,Spirulina 003,pio001,2023-11-28T14:41:51.556550Z,remove_waste,0.1,dosing_automation:turbidostat
2023-11-28 14:41:53,Spirulina 003,pio001,2023-11-28T14:41:53.016715Z,remove_waste,0.2,dosing_automation:turbidostat
2023-11-28 15:22:45,Spirulina 003,pio001,2023-11-28T15:22:45.306212Z,add_media,0.1,dosing_automation:turbidostat
2023-11-28 15:22:51,Spirulina 003,pio001,2023-11-28T15:22:51.564967Z,remove_waste,0.1,dosing_automation:turbidostat
2023-11-28 15:22:53,Spirulina 003,pio001,2023-11-28T15:22:53.018069Z,remove_waste,0.2,dosing_automation:turbidostat
2023-11-28 16:49:45,Spirulina 003,pio001,2023-11-28T16:49:45.305581Z,add_media,0.1,dosing_automation:turbidostat
2023-11-28 16:49:51,Spirulina 003,pio001,2023-11-28T16:49:51.589508Z,remove_waste,0.1,dosing_automation:turbidostat
2023-11-28 16:49:53,Spirulina 003,pio001,2023-11-28T16:49:53.090543Z,remove_waste,0.2,dosing_automation:turbidostat
2023-11-28 17:03:15,Spirulina 003,pio001,2023-11-28T17:03:15.312861Z,add_media,0.1,dosing_automation:turbidostat
2023-11-28 17:03:21,Spirulina 003,pio001,2023-11-28T17:03:21.574567Z,remove_waste,0.1,dosing_automation:turbidostat
2023-11-28 17:03:23,Spirulina 003,pio001,2023-11-28T17:03:23.037153Z,remove_waste,0.2,dosing_automation:turbidostat
2023-11-28 21:50:45,Spirulina 003,pio001,2023-11-28T21:50:45.305862Z,add_media,0.1,dosing_automation:turbidostat
2023-11-28 21:50:51,Spirulina 003,pio001,2023-11-28T21:50:51.547361Z,remove_waste,0.1,dosing_automation:turbidostat
2023-11-28 21:50:53,Spirulina 003,pio001,2023-11-28T21:50:53.049920Z,remove_waste,0.2,dosing_automation:turbidostat
2023-11-28 22:19:45,Spirulina 003,pio001,2023-11-28T22:19:45.317467Z,add_media,0.1,dosing_automation:turbidostat
2023-11-28 22:19:51,Spirulina 003,pio001,2023-11-28T22:19:51.575352Z,remove_waste,0.1,dosing_automation:turbidostat
2023-11-28 22:19:53,Spirulina 003,pio001,2023-11-28T22:19:53.058673Z,remove_waste,0.2,dosing_automation:turbidostat
2023-11-28 23:25:15,Spirulina 003,pio001,2023-11-28T23:25:15.312450Z,add_media,0.1,dosing_automation:turbidostat
2023-11-28 23:25:21,Spirulina 003,pio001,2023-11-28T23:25:21.556816Z,remove_waste,0.1,dosing_automation:turbidostat
2023-11-28 23:25:23,Spirulina 003,pio001,2023-11-28T23:25:23.046651Z,remove_waste,0.2,dosing_automation:turbidostat
2023-11-28 23:50:15,Spirulina 003,pio001,2023-11-28T23:50:15.351555Z,add_media,0.1,dosing_automation:turbidostat
2023-11-28 23:50:21,Spirulina 003,pio001,2023-11-28T23:50:21.636404Z,remove_waste,0.1,dosing_automation:turbidostat
2023-11-28 23:50:23,Spirulina 003,pio001,2023-11-28T23:50:23.143480Z,remove_waste,0.2,dosing_automation:turbidostat
2023-11-29 00:07:45,Spirulina 003,pio001,2023-11-29T00:07:45.338131Z,add_media,0.1,dosing_automation:turbidostat
2023-11-29 00:07:51,Spirulina 003,pio001,2023-11-29T00:07:51.585761Z,remove_waste,0.1,dosing_automation:turbidostat
2023-11-29 00:07:53,Spirulina 003,pio001,2023-11-29T00:07:53.056426Z,remove_waste,0.2,dosing_automation:turbidostat
2023-11-29 00:35:45,Spirulina 003,pio001,2023-11-29T00:35:45.303354Z,add_media,0.1,dosing_automation:turbidostat
2023-11-29 00:35:51,Spirulina 003,pio001,2023-11-29T00:35:51.549566Z,remove_waste,0.1,dosing_automation:turbidostat
2023-11-29 00:35:53,Spirulina 003,pio001,2023-11-29T00:35:53.028934Z,remove_waste,0.2,dosing_automation:turbidostat
2023-11-29 01:16:15,Spirulina 003,pio001,2023-11-29T01:16:15.317726Z,add_media,0.1,dosing_automation:turbidostat
2023-11-29 01:16:21,Spirulina 003,pio001,2023-11-29T01:16:21.564363Z,remove_waste,0.1,dosing_automation:turbidostat
2023-11-29 01:16:23,Spirulina 003,pio001,2023-11-29T01:16:23.032123Z,remove_waste,0.2,dosing_automation:turbidostat
2023-11-29 04:49:45,Spirulina 003,pio001,2023-11-29T04:49:45.310804Z,add_media,0.1,dosing_automation:turbidostat
2023-11-29 04:49:51,Spirulina 003,pio001,2023-11-29T04:49:51.551644Z,remove_waste,0.1,dosing_automation:turbidostat
2023-11-29 04:49:53,Spirulina 003,pio001,2023-11-29T04:49:53.031289Z,remove_waste,0.2,dosing_automation:turbidostat
2023-11-29 05:07:15,Spirulina 003,pio001,2023-11-29T05:07:15.310141Z,add_media,0.1,dosing_automation:turbidostat
2023-11-29 05:07:21,Spirulina 003,pio001,2023-11-29T05:07:21.623128Z,remove_waste,0.1,dosing_automation:turbidostat
2023-11-29 05:07:23,Spirulina 003,pio001,2023-11-29T05:07:23.158200Z,remove_waste,0.2,dosing_automation:turbidostat
2023-11-29 05:23:45,Spirulina 003,pio001,2023-11-29T05:23:45.317499Z,add_media,0.1,dosing_automation:turbidostat
2023-11-29 05:23:51,Spirulina 003,pio001,2023-11-29T05:23:51.577286Z,remove_waste,0.1,dosing_automation:turbidostat
2023-11-29 05:23:53,Spirulina 003,pio001,2023-11-29T05:23:53.048769Z,remove_waste,0.2,dosing_automation:turbidostat
2023-11-29 06:12:45,Spirulina 003,pio001,2023-11-29T06:12:45.306637Z,add_media,0.1,dosing_automation:turbidostat
2023-11-29 06:12:51,Spirulina 003,pio001,2023-11-29T06:12:51.554267Z,remove_waste,0.1,dosing_automation:turbidostat
2023-11-29 06:12:53,Spirulina 003,pio001,2023-11-29T06:12:53.064838Z,remove_waste,0.2,dosing_automation:turbidostat
2023-11-29 06:31:15,Spirulina 003,pio001,2023-11-29T06:31:15.208145Z,add_media,0.1,dosing_automation:turbidostat
2023-11-29 06:31:21,Spirulina 003,pio001,2023-11-29T06:31:21.465546Z,remove_waste,0.1,dosing_automation:turbidostat
2023-11-29 06:31:22,Spirulina 003,pio001,2023-11-29T06:31:22.936610Z,remove_waste,0.2,dosing_automation:turbidostat
2023-11-29 08:50:45,Spirulina 003,pio001,2023-11-29T08:50:45.333772Z,add_media,0.1,dosing_automation:turbidostat
2023-11-29 08:50:51,Spirulina 003,pio001,2023-11-29T08:50:51.577883Z,remove_waste,0.1,dosing_automation:turbidostat
2023-11-29 08:50:53,Spirulina 003,pio001,2023-11-29T08:50:53.080346Z,remove_waste,0.2,dosing_automation:turbidostat
2023-11-29 10:48:15,Spirulina 003,pio001,2023-11-29T10:48:15.312837Z,add_media,0.1,dosing_automation:turbidostat
2023-11-29 10:48:21,Spirulina 003,pio001,2023-11-29T10:48:21.573908Z,remove_waste,0.1,dosing_automation:turbidostat
2023-11-29 10:48:23,Spirulina 003,pio001,2023-11-29T10:48:23.048590Z,remove_waste,0.2,dosing_automation:turbidostat
2023-11-29 11:24:15,Spirulina 003,pio001,2023-11-29T11:24:15.308524Z,add_media,0.1,dosing_automation:turbidostat
2023-11-29 11:24:21,Spirulina 003,pio001,2023-11-29T11:24:21.614507Z,remove_waste,0.1,dosing_automation:turbidostat
2023-11-29 11:24:23,Spirulina 003,pio001,2023-11-29T11:24:23.126735Z,remove_waste,0.2,dosing_automation:turbidostat
2023-11-29 20:28:01,Spirulina 003,pio001,2023-11-29T20:28:01.261238Z,add_media,0.1,dosing_automation:turbidostat
2023-11-29 20:28:07,Spirulina 003,pio001,2023-11-29T20:28:07.728440Z,remove_waste,0.1,dosing_automation:turbidostat
2023-11-29 20:28:09,Spirulina 003,pio001,2023-11-29T20:28:09.197555Z,remove_waste,0.2,dosing_automation:turbidostat
2023-11-29 20:28:30,Spirulina 003,pio001,2023-11-29T20:28:30.913897Z,add_media,0.1,dosing_automation:turbidostat
2023-11-29 20:28:37,Spirulina 003,pio001,2023-11-29T20:28:37.193459Z,remove_waste,0.1,dosing_automation:turbidostat
2023-11-29 20:28:38,Spirulina 003,pio001,2023-11-29T20:28:38.657852Z,remove_waste,0.2,dosing_automation:turbidostat
2023-11-29 20:44:31,Spirulina 003,pio001,2023-11-29T20:44:31.013181Z,add_media,0.1,dosing_automation:turbidostat
2023-11-29 20:44:37,Spirulina 003,pio001,2023-11-29T20:44:37.281581Z,remove_waste,0.1,dosing_automation:turbidostat
2023-11-29 20:44:38,Spirulina 003,pio001,2023-11-29T20:44:38.765865Z,remove_waste,0.2,dosing_automation:turbidostat
2023-11-29 20:54:01,Spirulina 003,pio001,2023-11-29T20:54:01.024199Z,add_media,0.1,dosing_automation:turbidostat
2023-11-29 20:54:07,Spirulina 003,pio001,2023-11-29T20:54:07.304050Z,remove_waste,0.1,dosing_automation:turbidostat
2023-11-29 20:54:08,Spirulina 003,pio001,2023-11-29T20:54:08.769804Z,remove_waste,0.2,dosing_automation:turbidostat
2023-11-29 21:13:31,Spirulina 003,pio001,2023-11-29T21:13:31.021642Z,add_media,0.1,dosing_automation:turbidostat
2023-11-29 21:13:37,Spirulina 003,pio001,2023-11-29T21:13:37.293158Z,remove_waste,0.1,dosing_automation:turbidostat
2023-11-29 21:13:38,Spirulina 003,pio001,2023-11-29T21:13:38.754044Z,remove_waste,0.2,dosing_automation:turbidostat
2023-11-29 21:20:31,Spirulina 003,pio001,2023-11-29T21:20:31.018814Z,add_media,0.1,dosing_automation:turbidostat
2023-11-29 21:20:37,Spirulina 003,pio001,2023-11-29T21:20:37.284106Z,remove_waste,0.1,dosing_automation:turbidostat
2023-11-29 21:20:38,Spirulina 003,pio001,2023-11-29T21:20:38.736221Z,remove_waste,0.2,dosing_automation:turbidostat
2023-11-29 21:51:01,Spirulina 003,pio001,2023-11-29T21:51:01.021114Z,add_media,0.1,dosing_automation:turbidostat
2023-11-29 21:51:07,Spirulina 003,pio001,2023-11-29T21:51:07.295324Z,remove_waste,0.1,dosing_automation:turbidostat
2023-11-29 21:51:08,Spirulina 003,pio001,2023-11-29T21:51:08.762298Z,remove_waste,0.2,dosing_automation:turbidostat
2023-11-29 22:11:31,Spirulina 003,pio001,2023-11-29T22:11:31.089273Z,add_media,0.1,dosing_automation:turbidostat
2023-11-29 22:11:37,Spirulina 003,pio001,2023-11-29T22:11:37.403476Z,remove_waste,0.1,dosing_automation:turbidostat
2023-11-29 22:11:38,Spirulina 003,pio001,2023-11-29T22:11:38.869680Z,remove_waste,0.2,dosing_automation:turbidostat
2023-11-29 22:54:01,Spirulina 003,pio001,2023-11-29T22:54:01.016915Z,add_media,0.1,dosing_automation:turbidostat
2023-11-29 22:54:07,Spirulina 003,pio001,2023-11-29T22:54:07.311283Z,remove_waste,0.1,dosing_automation:turbidostat
2023-11-29 22:54:08,Spirulina 003,pio001,2023-11-29T22:54:08.762132Z,remove_waste,0.2,dosing_automation:turbidostat
2023-11-29 23:27:01,Spirulina 003,pio001,2023-11-29T23:27:01.020796Z,add_media,0.1,dosing_automation:turbidostat
2023-11-29 23:27:07,Spirulina 003,pio001,2023-11-29T23:27:07.296949Z,remove_waste,0.1,dosing_automation:turbidostat
2023-11-29 23:27:08,Spirulina 003,pio001,2023-11-29T23:27:08.761569Z,remove_waste,0.2,dosing_automation:turbidostat
2023-11-29 23:27:31,Spirulina 003,pio001,2023-11-29T23:27:31.011504Z,add_media,0.1,dosing_automation:turbidostat
2023-11-29 23:27:37,Spirulina 003,pio001,2023-11-29T23:27:37.308045Z,remove_waste,0.1,dosing_automation:turbidostat
2023-11-29 23:27:38,Spirulina 003,pio001,2023-11-29T23:27:38.780913Z,remove_waste,0.2,dosing_automation:turbidostat
2023-11-30 00:37:31,Spirulina 003,pio001,2023-11-30T00:37:31.026469Z,add_media,0.1,dosing_automation:turbidostat
2023-11-30 00:37:37,Spirulina 003,pio001,2023-11-30T00:37:37.321017Z,remove_waste,0.1,dosing_automation:turbidostat
2023-11-30 00:37:38,Spirulina 003,pio001,2023-11-30T00:37:38.775402Z,remove_waste,0.2,dosing_automation:turbidostat
2023-11-30 01:05:01,Spirulina 003,pio001,2023-11-30T01:05:01.019867Z,add_media,0.1,dosing_automation:turbidostat
2023-11-30 01:05:07,Spirulina 003,pio001,2023-11-30T01:05:07.297191Z,remove_waste,0.1,dosing_automation:turbidostat
2023-11-30 01:05:08,Spirulina 003,pio001,2023-11-30T01:05:08.753490Z,remove_waste,0.2,dosing_automation:turbidostat
2023-11-30 03:22:01,Spirulina 003,pio001,2023-11-30T03:22:01.017077Z,add_media,0.1,dosing_automation:turbidostat
2023-11-30 03:22:07,Spirulina 003,pio001,2023-11-30T03:22:07.318242Z,remove_waste,0.1,dosing_automation:turbidostat
2023-11-30 03:22:08,Spirulina 003,pio001,2023-11-30T03:22:08.810208Z,remove_waste,0.2,dosing_automation:turbidostat
2023-11-30 04:04:01,Spirulina 003,pio001,2023-11-30T04:04:01.015049Z,add_media,0.1,dosing_automation:turbidostat
2023-11-30 04:04:07,Spirulina 003,pio001,2023-11-30T04:04:07.331159Z,remove_waste,0.1,dosing_automation:turbidostat
2023-11-30 04:04:08,Spirulina 003,pio001,2023-11-30T04:04:08.821269Z,remove_waste,0.2,dosing_automation:turbidostat
2023-11-30 04:34:31,Spirulina 003,pio001,2023-11-30T04:34:31.013222Z,add_media,0.1,dosing_automation:turbidostat
2023-11-30 04:34:37,Spirulina 003,pio001,2023-11-30T04:34:37.280294Z,remove_waste,0.1,dosing_automation:turbidostat
2023-11-30 04:34:38,Spirulina 003,pio001,2023-11-30T04:34:38.783641Z,remove_waste,0.2,dosing_automation:turbidostat
2023-11-30 04:35:00,Spirulina 003,pio001,2023-11-30T04:35:00.910071Z,add_media,0.1,dosing_automation:turbidostat
2023-11-30 04:35:07,Spirulina 003,pio001,2023-11-30T04:35:07.168040Z,remove_waste,0.1,dosing_automation:turbidostat
2023-11-30 04:35:08,Spirulina 003,pio001,2023-11-30T04:35:08.643272Z,remove_waste,0.2,dosing_automation:turbidostat
2023-11-30 08:58:01,Spirulina 003,pio001,2023-11-30T08:58:01.015804Z,add_media,0.1,dosing_automation:turbidostat
2023-11-30 08:58:07,Spirulina 003,pio001,2023-11-30T08:58:07.334195Z,remove_waste,0.1,dosing_automation:turbidostat
2023-11-30 08:58:08,Spirulina 003,pio001,2023-11-30T08:58:08.821606Z,remove_waste,0.2,dosing_automation:turbidostat
2023-11-30 08:58:31,Spirulina 003,pio001,2023-11-30T08:58:31.041937Z,add_media,0.1,dosing_automation:turbidostat
2023-11-30 08:58:37,Spirulina 003,pio001,2023-11-30T08:58:37.345334Z,remove_waste,0.1,dosing_automation:turbidostat
2023-11-30 08:58:38,Spirulina 003,pio001,2023-11-30T08:58:38.808739Z,remove_waste,0.2,dosing_automation:turbidostat
2023-11-30 23:00:31,Spirulina 003,pio001,2023-11-30T23:00:31.017306Z,add_media,0.1,dosing_automation:turbidostat
2023-11-30 23:00:37,Spirulina 003,pio001,2023-11-30T23:00:37.277262Z,remove_waste,0.1,dosing_automation:turbidostat
2023-11-30 23:00:38,Spirulina 003,pio001,2023-11-30T23:00:38.745230Z,remove_waste,0.2,dosing_automation:turbidostat
2023-11-30 23:21:31,Spirulina 003,pio001,2023-11-30T23:21:31.090451Z,add_media,0.1,dosing_automation:turbidostat
2023-11-30 23:21:37,Spirulina 003,pio001,2023-11-30T23:21:37.368354Z,remove_waste,0.1,dosing_automation:turbidostat
2023-11-30 23:21:38,Spirulina 003,pio001,2023-11-30T23:21:38.845628Z,remove_waste,0.2,dosing_automation:turbidostat
2023-12-01 00:29:01,Spirulina 003,pio001,2023-12-01T00:29:01.017137Z,add_media,0.1,dosing_automation:turbidostat
2023-12-01 00:29:07,Spirulina 003,pio001,2023-12-01T00:29:07.299664Z,remove_waste,0.1,dosing_automation:turbidostat
2023-12-01 00:29:08,Spirulina 003,pio001,2023-12-01T00:29:08.757171Z,remove_waste,0.2,dosing_automation:turbidostat
2023-12-01 00:48:31,Spirulina 003,pio001,2023-12-01T00:48:31.019700Z,add_media,0.1,dosing_automation:turbidostat
2023-12-01 00:48:37,Spirulina 003,pio001,2023-12-01T00:48:37.303568Z,remove_waste,0.1,dosing_automation:turbidostat
2023-12-01 00:48:38,Spirulina 003,pio001,2023-12-01T00:48:38.756144Z,remove_waste,0.2,dosing_automation:turbidostat
2023-12-01 01:12:01,Spirulina 003,pio001,2023-12-01T01:12:01.017289Z,add_media,0.1,dosing_automation:turbidostat
2023-12-01 01:12:07,Spirulina 003,pio001,2023-12-01T01:12:07.285496Z,remove_waste,0.1,dosing_automation:turbidostat
2023-12-01 01:12:08,Spirulina 003,pio001,2023-12-01T01:12:08.740925Z,remove_waste,0.2,dosing_automation:turbidostat
2023-12-01 02:33:31,Spirulina 003,pio001,2023-12-01T02:33:31.019241Z,add_media,0.1,dosing_automation:turbidostat
2023-12-01 02:33:37,Spirulina 003,pio001,2023-12-01T02:33:37.292693Z,remove_waste,0.1,dosing_automation:turbidostat
2023-12-01 02:33:38,Spirulina 003,pio001,2023-12-01T02:33:38.749267Z,remove_waste,0.2,dosing_automation:turbidostat
2023-12-01 04:08:01,Spirulina 003,pio001,2023-12-01T04:08:01.012439Z,add_media,0.1,dosing_automation:turbidostat
2023-12-01 04:08:07,Spirulina 003,pio001,2023-12-01T04:08:07.351844Z,remove_waste,0.1,dosing_automation:turbidostat
2023-12-01 04:08:08,Spirulina 003,pio001,2023-12-01T04:08:08.845753Z,remove_waste,0.2,dosing_automation:turbidostat
2023-12-01 05:28:31,Spirulina 003,pio001,2023-12-01T05:28:31.015070Z,add_media,0.1,dosing_automation:turbidostat
2023-12-01 05:28:37,Spirulina 003,pio001,2023-12-01T05:28:37.292991Z,remove_waste,0.1,dosing_automation:turbidostat
2023-12-01 05:28:38,Spirulina 003,pio001,2023-12-01T05:28:38.749514Z,remove_waste,0.2,dosing_automation:turbidostat
2023-12-01 07:17:31,Spirulina 003,pio001,2023-12-01T07:17:31.016308Z,add_media,0.1,dosing_automation:turbidostat
2023-12-01 07:17:37,Spirulina 003,pio001,2023-12-01T07:17:37.279370Z,remove_waste,0.1,dosing_automation:turbidostat
2023-12-01 07:17:38,Spirulina 003,pio001,2023-12-01T07:17:38.746088Z,remove_waste,0.2,dosing_automation:turbidostat
2023-12-01 08:04:01,Spirulina 003,pio001,2023-12-01T08:04:01.076071Z,add_media,0.1,dosing_automation:turbidostat
2023-12-01 08:04:07,Spirulina 003,pio001,2023-12-01T08:04:07.350146Z,remove_waste,0.1,dosing_automation:turbidostat
2023-12-01 08:04:08,Spirulina 003,pio001,2023-12-01T08:04:08.813829Z,remove_waste,0.2,dosing_automation:turbidostat
2023-12-01 23:13:31,Spirulina 003,pio001,2023-12-01T23:13:31.013632Z,add_media,0.1,dosing_automation:turbidostat
2023-12-01 23:13:37,Spirulina 003,pio001,2023-12-01T23:13:37.291470Z,remove_waste,0.1,dosing_automation:turbidostat
2023-12-01 23:13:38,Spirulina 003,pio001,2023-12-01T23:13:38.741897Z,remove_waste,0.2,dosing_automation:turbidostat
2023-12-02 00:00:31,Spirulina 003,pio001,2023-12-02T00:00:31.106758Z,add_media,0.1,dosing_automation:turbidostat
2023-12-02 00:00:37,Spirulina 003,pio001,2023-12-02T00:00:37.406710Z,remove_waste,0.1,dosing_automation:turbidostat
2023-12-02 00:00:38,Spirulina 003,pio001,2023-12-02T00:00:38.908124Z,remove_waste,0.2,dosing_automation:turbidostat
2023-12-02 00:51:31,Spirulina 003,pio001,2023-12-02T00:51:31.015139Z,add_media,0.1,dosing_automation:turbidostat
2023-12-02 00:51:37,Spirulina 003,pio001,2023-12-02T00:51:37.276284Z,remove_waste,0.1,dosing_automation:turbidostat
2023-12-02 00:51:38,Spirulina 003,pio001,2023-12-02T00:51:38.729743Z,remove_waste,0.2,dosing_automation:turbidostat
2023-12-02 02:32:31,Spirulina 003,pio001,2023-12-02T02:32:31.019416Z,add_media,0.1,dosing_automation:turbidostat
2023-12-02 02:32:37,Spirulina 003,pio001,2023-12-02T02:32:37.280407Z,remove_waste,0.1,dosing_automation:turbidostat
2023-12-02 02:32:38,Spirulina 003,pio001,2023-12-02T02:32:38.771869Z,remove_waste,0.2,dosing_automation:turbidostat
2023-12-02 02:59:01,Spirulina 003,pio001,2023-12-02T02:59:01.013165Z,add_media,0.1,dosing_automation:turbidostat
2023-12-02 02:59:07,Spirulina 003,pio001,2023-12-02T02:59:07.289796Z,remove_waste,0.1,dosing_automation:turbidostat
2023-12-02 02:59:08,Spirulina 003,pio001,2023-12-02T02:59:08.746308Z,remove_waste,0.2,dosing_automation:turbidostat
2023-12-02 05:38:31,Spirulina 003,pio001,2023-12-02T05:38:31.029263Z,add_media,0.1,dosing_automation:turbidostat
2023-12-02 05:38:37,Spirulina 003,pio001,2023-12-02T05:38:37.312244Z,remove_waste,0.1,dosing_automation:turbidostat
2023-12-02 05:38:38,Spirulina 003,pio001,2023-12-02T05:38:38.822811Z,remove_waste,0.2,dosing_automation:turbidostat
2023-12-02 06:01:31,Spirulina 003,pio001,2023-12-02T06:01:31.095421Z,add_media,0.1,dosing_automation:turbidostat
2023-12-02 06:01:37,Spirulina 003,pio001,2023-12-02T06:01:37.406630Z,remove_waste,0.1,dosing_automation:turbidostat
2023-12-02 06:01:38,Spirulina 003,pio001,2023-12-02T06:01:38.864170Z,remove_waste,0.2,dosing_automation:turbidostat
2023-12-02 06:02:00,Spirulina 003,pio001,2023-12-02T06:02:00.915759Z,add_media,0.1,dosing_automation:turbidostat
2023-12-02 06:02:07,Spirulina 003,pio001,2023-12-02T06:02:07.187985Z,remove_waste,0.1,dosing_automation:turbidostat
2023-12-02 06:02:08,Spirulina 003,pio001,2023-12-02T06:02:08.654307Z,remove_waste,0.2,dosing_automation:turbidostat
2023-12-03 01:03:01,Spirulina 003,pio001,2023-12-03T01:03:01.020422Z,add_media,0.1,dosing_automation:turbidostat
2023-12-03 01:03:07,Spirulina 003,pio001,2023-12-03T01:03:07.294864Z,remove_waste,0.1,dosing_automation:turbidostat
2023-12-03 01:03:08,Spirulina 003,pio001,2023-12-03T01:03:08.756043Z,remove_waste,0.2,dosing_automation:turbidostat
2023-12-03 02:54:01,Spirulina 003,pio001,2023-12-03T02:54:01.021605Z,add_media,0.1,dosing_automation:turbidostat
2023-12-03 02:54:07,Spirulina 003,pio001,2023-12-03T02:54:07.303252Z,remove_waste,0.1,dosing_automation:turbidostat
2023-12-03 02:54:08,Spirulina 003,pio001,2023-12-03T02:54:08.771062Z,remove_waste,0.2,dosing_automation:turbidostat
2023-12-03 04:12:31,Spirulina 003,pio001,2023-12-03T04:12:31.023525Z,add_media,0.1,dosing_automation:turbidostat
2023-12-03 04:12:37,Spirulina 003,pio001,2023-12-03T04:12:37.282076Z,remove_waste,0.1,dosing_automation:turbidostat
2023-12-03 04:12:38,Spirulina 003,pio001,2023-12-03T04:12:38.750554Z,remove_waste,0.2,dosing_automation:turbidostat
2023-12-03 05:31:31,Spirulina 003,pio001,2023-12-03T05:31:31.020190Z,add_media,0.1,dosing_automation:turbidostat
2023-12-03 05:31:37,Spirulina 003,pio001,2023-12-03T05:31:37.275579Z,remove_waste,0.1,dosing_automation:turbidostat
2023-12-03 05:31:38,Spirulina 003,pio001,2023-12-03T05:31:38.731101Z,remove_waste,0.2,dosing_automation:turbidostat
2023-12-03 06:15:31,Spirulina 003,pio001,2023-12-03T06:15:31.039408Z,add_media,0.1,dosing_automation:turbidostat
2023-12-03 06:15:37,Spirulina 003,pio001,2023-12-03T06:15:37.294736Z,remove_waste,0.1,dosing_automation:turbidostat
2023-12-03 06:15:38,Spirulina 003,pio001,2023-12-03T06:15:38.772343Z,remove_waste,0.2,dosing_automation:turbidostat
2023-12-03 07:39:01,Spirulina 003,pio001,2023-12-03T07:39:01.025119Z,add_media,0.1,dosing_automation:turbidostat
2023-12-03 07:39:07,Spirulina 003,pio001,2023-12-03T07:39:07.293662Z,remove_waste,0.1,dosing_automation:turbidostat
2023-12-03 07:39:08,Spirulina 003,pio001,2023-12-03T07:39:08.745739Z,remove_waste,0.2,dosing_automation:turbidostat
2023-12-03 09:30:31,Spirulina 003,pio001,2023-12-03T09:30:31.115756Z,add_media,0.1,dosing_automation:turbidostat
2023-12-03 09:30:37,Spirulina 003,pio001,2023-12-03T09:30:37.379032Z,remove_waste,0.1,dosing_automation:turbidostat
2023-12-03 09:30:38,Spirulina 003,pio001,2023-12-03T09:30:38.837809Z,remove_waste,0.2,dosing_automation:turbidostat
2023-12-04 00:46:30,Spirulina 003,pio001,2023-12-04T00:46:30.914566Z,add_media,0.1,dosing_automation:turbidostat
2023-12-04 00:46:37,Spirulina 003,pio001,2023-12-04T00:46:37.205604Z,remove_waste,0.1,dosing_automation:turbidostat
2023-12-04 00:46:38,Spirulina 003,pio001,2023-12-04T00:46:38.701108Z,remove_waste,0.2,dosing_automation:turbidostat
2023-12-04 02:58:01,Spirulina 003,pio001,2023-12-04T02:58:01.019891Z,add_media,0.1,dosing_automation:turbidostat
2023-12-04 02:58:07,Spirulina 003,pio001,2023-12-04T02:58:07.359332Z,remove_waste,0.1,dosing_automation:turbidostat
2023-12-04 02:58:08,Spirulina 003,pio001,2023-12-04T02:58:08.849683Z,remove_waste,0.2,dosing_automation:turbidostat
2023-12-04 04:56:31,Spirulina 003,pio001,2023-12-04T04:56:31.023950Z,add_media,0.1,dosing_automation:turbidostat
2023-12-04 04:56:37,Spirulina 003,pio001,2023-12-04T04:56:37.291222Z,remove_waste,0.1,dosing_automation:turbidostat
2023-12-04 04:56:38,Spirulina 003,pio001,2023-12-04T04:56:38.758325Z,remove_waste,0.2,dosing_automation:turbidostat
2023-12-04 07:11:31,Spirulina 003,pio001,2023-12-04T07:11:31.017974Z,add_media,0.1,dosing_automation:turbidostat
2023-12-04 07:11:37,Spirulina 003,pio001,2023-12-04T07:11:37.317516Z,remove_waste,0.1,dosing_automation:turbidostat
2023-12-04 07:11:38,Spirulina 003,pio001,2023-12-04T07:11:38.773102Z,remove_waste,0.2,dosing_automation:turbidostat
2023-12-04 09:20:01,Spirulina 003,pio001,2023-12-04T09:20:01.018239Z,add_media,0.1,dosing_automation:turbidostat
2023-12-04 09:20:07,Spirulina 003,pio001,2023-12-04T09:20:07.285065Z,remove_waste,0.1,dosing_automation:turbidostat
2023-12-04 09:20:08,Spirulina 003,pio001,2023-12-04T09:20:08.756022Z,remove_waste,0.2,dosing_automation:turbidostat
2023-12-05 07:50:31,Spirulina 003,pio001,2023-12-05T07:50:31.010168Z,add_media,0.1,dosing_automation:turbidostat
2023-12-05 07:50:37,Spirulina 003,pio001,2023-12-05T07:50:37.266992Z,remove_waste,0.1,dosing_automation:turbidostat
2023-12-05 07:50:38,Spirulina 003,pio001,2023-12-05T07:50:38.718970Z,remove_waste,0.2,dosing_automation:turbidostat
2023-12-05 08:32:31,Spirulina 003,pio001,2023-12-05T08:32:31.019237Z,add_media,0.1,dosing_automation:turbidostat
2023-12-05 08:32:37,Spirulina 003,pio001,2023-12-05T08:32:37.282028Z,remove_waste,0.1,dosing_automation:turbidostat
2023-12-05 08:32:38,Spirulina 003,pio001,2023-12-05T08:32:38.777690Z,remove_waste,0.2,dosing_automation:turbidostat
2023-12-13 03:47:01,Spirulina 003,pio001,2023-12-13T03:47:01.017318Z,add_media,0.1,dosing_automation:turbidostat
2023-12-13 03:47:07,Spirulina 003,pio001,2023-12-13T03:47:07.296983Z,remove_waste,0.1,dosing_automation:turbidostat
2023-12-13 03:47:08,Spirulina 003,pio001,2023-12-13T03:47:08.802946Z,remove_waste,0.2,dosing_automation:turbidostat
2023-12-13 03:51:01,Spirulina 003,pio001,2023-12-13T03:51:01.011969Z,add_media,0.1,dosing_automation:turbidostat
2023-12-13 03:51:07,Spirulina 003,pio001,2023-12-13T03:51:07.293885Z,remove_waste,0.1,dosing_automation:turbidostat
2023-12-13 03:51:08,Spirulina 003,pio001,2023-12-13T03:51:08.754787Z,remove_waste,0.2,dosing_automation:turbidostat
2023-12-13 03:51:30,Spirulina 003,pio001,2023-12-13T03:51:30.911232Z,add_media,0.1,dosing_automation:turbidostat
2023-12-13 03:51:37,Spirulina 003,pio001,2023-12-13T03:51:37.174741Z,remove_waste,0.1,dosing_automation:turbidostat
2023-12-13 03:51:38,Spirulina 003,pio001,2023-12-13T03:51:38.626039Z,remove_waste,0.2,dosing_automation:turbidostat
2023-12-13 03:52:00,Spirulina 003,pio001,2023-12-13T03:52:00.913616Z,add_media,0.1,dosing_automation:turbidostat
2023-12-13 03:52:07,Spirulina 003,pio001,2023-12-13T03:52:07.177723Z,remove_waste,0.1,dosing_automation:turbidostat
2023-12-13 03:52:08,Spirulina 003,pio001,2023-12-13T03:52:08.683048Z,remove_waste,0.2,dosing_automation:turbidostat
2023-12-13 03:52:30,Spirulina 003,pio001,2023-12-13T03:52:30.920727Z,add_media,0.1,dosing_automation:turbidostat
2023-12-13 03:52:37,Spirulina 003,pio001,2023-12-13T03:52:37.184325Z,remove_waste,0.1,dosing_automation:turbidostat
2023-12-13 03:52:38,Spirulina 003,pio001,2023-12-13T03:52:38.653636Z,remove_waste,0.2,dosing_automation:turbidostat
2023-12-13 03:53:00,Spirulina 003,pio001,2023-12-13T03:53:00.911228Z,add_media,0.1,dosing_automation:turbidostat
2023-12-13 03:53:07,Spirulina 003,pio001,2023-12-13T03:53:07.276144Z,remove_waste,0.1,dosing_automation:turbidostat
2023-12-13 03:53:08,Spirulina 003,pio001,2023-12-13T03:53:08.728929Z,remove_waste,0.2,dosing_automation:turbidostat
2023-12-13 03:56:31,Spirulina 003,pio001,2023-12-13T03:56:31.016024Z,add_media,0.1,dosing_automation:turbidostat
2023-12-13 03:56:37,Spirulina 003,pio001,2023-12-13T03:56:37.297923Z,remove_waste,0.1,dosing_automation:turbidostat
2023-12-13 03:56:38,Spirulina 003,pio001,2023-12-13T03:56:38.751732Z,remove_waste,0.2,dosing_automation:turbidostat
2023-12-13 04:14:01,Spirulina 003,pio001,2023-12-13T04:14:01.010668Z,add_media,0.1,dosing_automation:turbidostat
2023-12-13 04:14:07,Spirulina 003,pio001,2023-12-13T04:14:07.334489Z,remove_waste,0.1,dosing_automation:turbidostat
2023-12-13 04:14:08,Spirulina 003,pio001,2023-12-13T04:14:08.834928Z,remove_waste,0.2,dosing_automation:turbidostat
2023-12-13 04:33:01,Spirulina 003,pio001,2023-12-13T04:33:01.015345Z,add_media,0.1,dosing_automation:turbidostat
2023-12-13 04:33:07,Spirulina 003,pio001,2023-12-13T04:33:07.301616Z,remove_waste,0.1,dosing_automation:turbidostat
2023-12-13 04:33:08,Spirulina 003,pio001,2023-12-13T04:33:08.763067Z,remove_waste,0.2,dosing_automation:turbidostat
2023-12-13 05:01:01,Spirulina 003,pio001,2023-12-13T05:01:01.029324Z,add_media,0.1,dosing_automation:turbidostat
2023-12-13 05:01:07,Spirulina 003,pio001,2023-12-13T05:01:07.309825Z,remove_waste,0.1,dosing_automation:turbidostat
2023-12-13 05:01:08,Spirulina 003,pio001,2023-12-13T05:01:08.779420Z,remove_waste,0.2,dosing_automation:turbidostat
2023-12-13 05:27:31,Spirulina 003,pio001,2023-12-13T05:27:31.018986Z,add_media,0.1,dosing_automation:turbidostat
2023-12-13 05:27:37,Spirulina 003,pio001,2023-12-13T05:27:37.291825Z,remove_waste,0.1,dosing_automation:turbidostat
2023-12-13 05:27:38,Spirulina 003,pio001,2023-12-13T05:27:38.760593Z,remove_waste,0.2,dosing_automation:turbidostat
2023-12-13 05:28:00,Spirulina 003,pio001,2023-12-13T05:28:00.911687Z,add_media,0.1,dosing_automation:turbidostat
2023-12-13 05:28:07,Spirulina 003,pio001,2023-12-13T05:28:07.168324Z,remove_waste,0.1,dosing_automation:turbidostat
2023-12-13 05:28:08,Spirulina 003,pio001,2023-12-13T05:28:08.632455Z,remove_waste,0.2,dosing_automation:turbidostat
2023-12-13 05:32:01,Spirulina 003,pio001,2023-12-13T05:32:01.016689Z,add_media,0.1,dosing_automation:turbidostat
2023-12-13 05:32:07,Spirulina 003,pio001,2023-12-13T05:32:07.298434Z,remove_waste,0.1,dosing_automation:turbidostat
2023-12-13 05:32:08,Spirulina 003,pio001,2023-12-13T05:32:08.759989Z,remove_waste,0.2,dosing_automation:turbidostat
2023-12-13 05:32:31,Spirulina 003,pio001,2023-12-13T05:32:31.048774Z,add_media,0.1,dosing_automation:turbidostat
2023-12-13 05:32:37,Spirulina 003,pio001,2023-12-13T05:32:37.356832Z,remove_waste,0.1,dosing_automation:turbidostat
2023-12-13 05:32:38,Spirulina 003,pio001,2023-12-13T05:32:38.825423Z,remove_waste,0.2,dosing_automation:turbidostat
2023-12-13 05:44:31,Spirulina 003,pio001,2023-12-13T05:44:31.021092Z,add_media,0.1,dosing_automation:turbidostat
2023-12-13 05:44:37,Spirulina 003,pio001,2023-12-13T05:44:37.298326Z,remove_waste,0.1,dosing_automation:turbidostat
2023-12-13 05:44:38,Spirulina 003,pio001,2023-12-13T05:44:38.756592Z,remove_waste,0.2,dosing_automation:turbidostat
2023-12-13 05:55:31,Spirulina 003,pio001,2023-12-13T05:55:31.018018Z,add_media,0.1,dosing_automation:turbidostat
2023-12-13 05:55:37,Spirulina 003,pio001,2023-12-13T05:55:37.284322Z,remove_waste,0.1,dosing_automation:turbidostat
2023-12-13 05:55:38,Spirulina 003,pio001,2023-12-13T05:55:38.746125Z,remove_waste,0.2,dosing_automation:turbidostat
2023-12-13 06:06:01,Spirulina 003,pio001,2023-12-13T06:06:01.037297Z,add_media,0.1,dosing_automation:turbidostat
2023-12-13 06:06:07,Spirulina 003,pio001,2023-12-13T06:06:07.303162Z,remove_waste,0.1,dosing_automation:turbidostat
2023-12-13 06:06:08,Spirulina 003,pio001,2023-12-13T06:06:08.762228Z,remove_waste,0.2,dosing_automation:turbidostat
2023-12-13 06:06:30,Spirulina 003,pio001,2023-12-13T06:06:30.916310Z,add_media,0.1,dosing_automation:turbidostat
2023-12-13 06:06:37,Spirulina 003,pio001,2023-12-13T06:06:37.192357Z,remove_waste,0.1,dosing_automation:turbidostat
2023-12-13 06:06:38,Spirulina 003,pio001,2023-12-13T06:06:38.660660Z,remove_waste,0.2,dosing_automation:turbidostat
2023-12-13 06:31:06,Spirulina 003,pio001,2023-12-13T06:31:06.044763Z,add_media,0.1,dosing_automation:turbidostat
2023-12-13 06:31:12,Spirulina 003,pio001,2023-12-13T06:31:12.312320Z,remove_waste,0.1,dosing_automation:turbidostat
2023-12-13 06:31:13,Spirulina 003,pio001,2023-12-13T06:31:13.800486Z,remove_waste,0.2,dosing_automation:turbidostat
2023-12-13 06:44:31,Spirulina 003,pio001,2023-12-13T06:44:31.015665Z,add_media,0.1,dosing_automation:turbidostat
2023-12-13 06:44:37,Spirulina 003,pio001,2023-12-13T06:44:37.278705Z,remove_waste,0.1,dosing_automation:turbidostat
2023-12-13 06:44:38,Spirulina 003,pio001,2023-12-13T06:44:38.732102Z,remove_waste,0.2,dosing_automation:turbidostat
2023-12-13 06:50:31,Spirulina 003,pio001,2023-12-13T06:50:31.018904Z,add_media,0.1,dosing_automation:turbidostat
2023-12-13 06:50:37,Spirulina 003,pio001,2023-12-13T06:50:37.289639Z,remove_waste,0.1,dosing_automation:turbidostat
2023-12-13 06:50:38,Spirulina 003,pio001,2023-12-13T06:50:38.747845Z,remove_waste,0.2,dosing_automation:turbidostat
2023-12-13 07:03:31,Spirulina 003,pio001,2023-12-13T07:03:31.029019Z,add_media,0.1,dosing_automation:turbidostat
2023-12-13 07:03:37,Spirulina 003,pio001,2023-12-13T07:03:37.290767Z,remove_waste,0.1,dosing_automation:turbidostat
2023-12-13 07:03:38,Spirulina 003,pio001,2023-12-13T07:03:38.749706Z,remove_waste,0.2,dosing_automation:turbidostat
2023-12-13 07:12:31,Spirulina 003,pio001,2023-12-13T07:12:31.009404Z,add_media,0.1,dosing_automation:turbidostat
2023-12-13 07:12:37,Spirulina 003,pio001,2023-12-13T07:12:37.312379Z,remove_waste,0.1,dosing_automation:turbidostat
2023-12-13 07:12:38,Spirulina 003,pio001,2023-12-13T07:12:38.801925Z,remove_waste,0.2,dosing_automation:turbidostat
2023-12-13 07:25:01,Spirulina 003,pio001,2023-12-13T07:25:01.008896Z,add_media,0.1,dosing_automation:turbidostat
2023-12-13 07:25:07,Spirulina 003,pio001,2023-12-13T07:25:07.288239Z,remove_waste,0.1,dosing_automation:turbidostat
2023-12-13 07:25:08,Spirulina 003,pio001,2023-12-13T07:25:08.754483Z,remove_waste,0.2,dosing_automation:turbidostat
2023-12-13 07:25:30,Spirulina 003,pio001,2023-12-13T07:25:30.908274Z,add_media,0.1,dosing_automation:turbidostat
2023-12-13 07:25:37,Spirulina 003,pio001,2023-12-13T07:25:37.176428Z,remove_waste,0.1,dosing_automation:turbidostat
2023-12-13 07:25:38,Spirulina 003,pio001,2023-12-13T07:25:38.647619Z,remove_waste,0.2,dosing_automation:turbidostat
2023-12-13 07:55:00,Spirulina 003,pio001,2023-12-13T07:55:00.978464Z,add_media,0.1,dosing_automation:turbidostat
2023-12-13 07:55:07,Spirulina 003,pio001,2023-12-13T07:55:07.257765Z,remove_waste,0.1,dosing_automation:turbidostat
2023-12-13 07:55:08,Spirulina 003,pio001,2023-12-13T07:55:08.711700Z,remove_waste,0.2,dosing_automation:turbidostat
2023-12-13 08:07:01,Spirulina 003,pio001,2023-12-13T08:07:01.017089Z,add_media,0.1,dosing_automation:turbidostat
2023-12-13 08:07:07,Spirulina 003,pio001,2023-12-13T08:07:07.283266Z,remove_waste,0.1,dosing_automation:turbidostat
2023-12-13 08:07:08,Spirulina 003,pio001,2023-12-13T08:07:08.738399Z,remove_waste,0.2,dosing_automation:turbidostat
2023-12-13 08:07:30,Spirulina 003,pio001,2023-12-13T08:07:30.910067Z,add_media,0.1,dosing_automation:turbidostat
2023-12-13 08:07:37,Spirulina 003,pio001,2023-12-13T08:07:37.172683Z,remove_waste,0.1,dosing_automation:turbidostat
2023-12-13 08:07:38,Spirulina 003,pio001,2023-12-13T08:07:38.639761Z,remove_waste,0.2,dosing_automation:turbidostat
2023-12-13 08:27:01,Spirulina 003,pio001,2023-12-13T08:27:01.011976Z,add_media,0.1,dosing_automation:turbidostat
2023-12-13 08:27:07,Spirulina 003,pio001,2023-12-13T08:27:07.290789Z,remove_waste,0.1,dosing_automation:turbidostat
2023-12-13 08:27:08,Spirulina 003,pio001,2023-12-13T08:27:08.755614Z,remove_waste,0.2,dosing_automation:turbidostat
2023-12-13 08:41:06,Spirulina 003,pio001,2023-12-13T08:41:06.115494Z,add_media,0.1,dosing_automation:turbidostat
2023-12-13 08:41:12,Spirulina 003,pio001,2023-12-13T08:41:12.381539Z,remove_waste,0.1,dosing_automation:turbidostat
2023-12-13 08:41:13,Spirulina 003,pio001,2023-12-13T08:41:13.847760Z,remove_waste,0.2,dosing_automation:turbidostat
2023-12-13 08:41:30,Spirulina 003,pio001,2023-12-13T08:41:30.915067Z,add_media,0.1,dosing_automation:turbidostat
2023-12-13 08:41:37,Spirulina 003,pio001,2023-12-13T08:41:37.207240Z,remove_waste,0.1,dosing_automation:turbidostat
2023-12-13 08:41:38,Spirulina 003,pio001,2023-12-13T08:41:38.664024Z,remove_waste,0.2,dosing_automation:turbidostat
2023-12-13 09:04:01,Spirulina 003,pio001,2023-12-13T09:04:01.012148Z,add_media,0.1,dosing_automation:turbidostat
2023-12-13 09:04:07,Spirulina 003,pio001,2023-12-13T09:04:07.267200Z,remove_waste,0.1,dosing_automation:turbidostat
2023-12-13 09:04:08,Spirulina 003,pio001,2023-12-13T09:04:08.724109Z,remove_waste,0.2,dosing_automation:turbidostat
2023-12-13 09:13:31,Spirulina 003,pio001,2023-12-13T09:13:31.011806Z,add_media,0.1,dosing_automation:turbidostat
2023-12-13 09:13:37,Spirulina 003,pio001,2023-12-13T09:13:37.274749Z,remove_waste,0.1,dosing_automation:turbidostat
2023-12-13 09:13:38,Spirulina 003,pio001,2023-12-13T09:13:38.733478Z,remove_waste,0.2,dosing_automation:turbidostat
2023-12-13 09:14:01,Spirulina 003,pio001,2023-12-13T09:14:01.001716Z,add_media,0.1,dosing_automation:turbidostat
2023-12-13 09:14:12,Spirulina 003,pio001,2023-12-13T09:14:12.302186Z,remove_waste,0.1,dosing_automation:turbidostat
2023-12-13 09:14:13,Spirulina 003,pio001,2023-12-13T09:14:13.776053Z,remove_waste,0.2,dosing_automation:turbidostat
2023-12-13 09:18:01,Spirulina 003,pio001,2023-12-13T09:18:01.012781Z,add_media,0.1,dosing_automation:turbidostat
2023-12-13 09:18:07,Spirulina 003,pio001,2023-12-13T09:18:07.325292Z,remove_waste,0.1,dosing_automation:turbidostat
2023-12-13 09:18:08,Spirulina 003,pio001,2023-12-13T09:18:08.817133Z,remove_waste,0.2,dosing_automation:turbidostat
2023-12-13 10:12:01,Spirulina 003,pio001,2023-12-13T10:12:01.015573Z,add_media,0.1,dosing_automation:turbidostat
2023-12-13 10:12:07,Spirulina 003,pio001,2023-12-13T10:12:07.274581Z,remove_waste,0.1,dosing_automation:turbidostat
2023-12-13 10:12:08,Spirulina 003,pio001,2023-12-13T10:12:08.726598Z,remove_waste,0.2,dosing_automation:turbidostat
2023-12-13 10:31:31,Spirulina 003,pio001,2023-12-13T10:31:31.019395Z,add_media,0.1,dosing_automation:turbidostat
2023-12-13 10:31:37,Spirulina 003,pio001,2023-12-13T10:31:37.285909Z,remove_waste,0.1,dosing_automation:turbidostat
2023-12-13 10:31:38,Spirulina 003,pio001,2023-12-13T10:31:38.749815Z,remove_waste,0.2,dosing_automation:turbidostat
2023-12-13 10:54:31,Spirulina 003,pio001,2023-12-13T10:54:31.098259Z,add_media,0.1,dosing_automation:turbidostat
2023-12-13 10:54:37,Spirulina 003,pio001,2023-12-13T10:54:37.385425Z,remove_waste,0.1,dosing_automation:turbidostat
2023-12-13 10:54:38,Spirulina 003,pio001,2023-12-13T10:54:38.845621Z,remove_waste,0.2,dosing_automation:turbidostat
2023-12-13 10:55:00,Spirulina 003,pio001,2023-12-13T10:55:00.931729Z,add_media,0.1,dosing_automation:turbidostat
2023-12-13 10:55:07,Spirulina 003,pio001,2023-12-13T10:55:07.211471Z,remove_waste,0.1,dosing_automation:turbidostat
2023-12-13 10:55:08,Spirulina 003,pio001,2023-12-13T10:55:08.676549Z,remove_waste,0.2,dosing_automation:turbidostat
2023-12-13 11:28:31,Spirulina 003,pio001,2023-12-13T11:28:31.018764Z,add_media,0.1,dosing_automation:turbidostat
2023-12-13 11:28:37,Spirulina 003,pio001,2023-12-13T11:28:37.311479Z,remove_waste,0.1,dosing_automation:turbidostat
2023-12-13 11:28:38,Spirulina 003,pio001,2023-12-13T11:28:38.767932Z,remove_waste,0.2,dosing_automation:turbidostat
2023-12-13 11:47:31,Spirulina 003,pio001,2023-12-13T11:47:31.014063Z,add_media,0.1,dosing_automation:turbidostat
2023-12-13 11:47:37,Spirulina 003,pio001,2023-12-13T11:47:37.275607Z,remove_waste,0.1,dosing_automation:turbidostat
2023-12-13 11:47:38,Spirulina 003,pio001,2023-12-13T11:47:38.792651Z,remove_waste,0.2,dosing_automation:turbidostat
2023-12-13 12:01:31,Spirulina 003,pio001,2023-12-13T12:01:31.019273Z,add_media,0.1,dosing_automation:turbidostat
2023-12-13 12:01:37,Spirulina 003,pio001,2023-12-13T12:01:37.299948Z,remove_waste,0.1,dosing_automation:turbidostat
2023-12-13 12:01:38,Spirulina 003,pio001,2023-12-13T12:01:38.775891Z,remove_waste,0.2,dosing_automation:turbidostat
2023-12-13 12:26:31,Spirulina 003,pio001,2023-12-13T12:26:31.085461Z,add_media,0.1,dosing_automation:turbidostat
2023-12-13 12:26:37,Spirulina 003,pio001,2023-12-13T12:26:37.348131Z,remove_waste,0.1,dosing_automation:turbidostat
2023-12-13 12:26:38,Spirulina 003,pio001,2023-12-13T12:26:38.809177Z,remove_waste,0.2,dosing_automation:turbidostat
2023-12-13 12:27:00,Spirulina 003,pio001,2023-12-13T12:27:00.984743Z,add_media,0.1,dosing_automation:turbidostat
2023-12-13 12:27:07,Spirulina 003,pio001,2023-12-13T12:27:07.249740Z,remove_waste,0.1,dosing_automation:turbidostat
2023-12-13 12:27:08,Spirulina 003,pio001,2023-12-13T12:27:08.708965Z,remove_waste,0.2,dosing_automation:turbidostat
2023-12-13 12:57:01,Spirulina 003,pio001,2023-12-13T12:57:01.085970Z,add_media,0.1,dosing_automation:turbidostat
2023-12-13 12:57:07,Spirulina 003,pio001,2023-12-13T12:57:07.359481Z,remove_waste,0.1,dosing_automation:turbidostat
2023-12-13 12:57:08,Spirulina 003,pio001,2023-12-13T12:57:08.828882Z,remove_waste,0.2,dosing_automation:turbidostat
2023-12-13 13:15:31,Spirulina 003,pio001,2023-12-13T13:15:31.124526Z,add_media,0.1,dosing_automation:turbidostat
2023-12-13 13:15:37,Spirulina 003,pio001,2023-12-13T13:15:37.412288Z,remove_waste,0.1,dosing_automation:turbidostat
2023-12-13 13:15:38,Spirulina 003,pio001,2023-12-13T13:15:38.866741Z,remove_waste,0.2,dosing_automation:turbidostat
2023-12-13 13:48:01,Spirulina 003,pio001,2023-12-13T13:48:01.015498Z,add_media,0.1,dosing_automation:turbidostat
2023-12-13 13:48:07,Spirulina 003,pio001,2023-12-13T13:48:07.289653Z,remove_waste,0.1,dosing_automation:turbidostat
2023-12-13 13:48:08,Spirulina 003,pio001,2023-12-13T13:48:08.759315Z,remove_waste,0.2,dosing_automation:turbidostat
2023-12-13 14:22:01,Spirulina 003,pio001,2023-12-13T14:22:01.017482Z,add_media,0.1,dosing_automation:turbidostat
2023-12-13 14:22:07,Spirulina 003,pio001,2023-12-13T14:22:07.287108Z,remove_waste,0.1,dosing_automation:turbidostat
2023-12-13 14:22:08,Spirulina 003,pio001,2023-12-13T14:22:08.767946Z,remove_waste,0.2,dosing_automation:turbidostat
2023-12-13 14:38:01,Spirulina 003,pio001,2023-12-13T14:38:01.022389Z,add_media,0.1,dosing_automation:turbidostat
2023-12-13 14:38:07,Spirulina 003,pio001,2023-12-13T14:38:07.301529Z,remove_waste,0.1,dosing_automation:turbidostat
2023-12-13 14:38:08,Spirulina 003,pio001,2023-12-13T14:38:08.766715Z,remove_waste,0.2,dosing_automation:turbidostat
2023-12-13 15:10:01,Spirulina 003,pio001,2023-12-13T15:10:01.014524Z,add_media,0.1,dosing_automation:turbidostat
2023-12-13 15:10:07,Spirulina 003,pio001,2023-12-13T15:10:07.275514Z,remove_waste,0.1,dosing_automation:turbidostat
2023-12-13 15:10:08,Spirulina 003,pio001,2023-12-13T15:10:08.736327Z,remove_waste,0.2,dosing_automation:turbidostat
2023-12-13 15:30:01,Spirulina 003,pio001,2023-12-13T15:30:01.113607Z,add_media,0.1,dosing_automation:turbidostat
2023-12-13 15:30:07,Spirulina 003,pio001,2023-12-13T15:30:07.433510Z,remove_waste,0.1,dosing_automation:turbidostat
2023-12-13 15:30:08,Spirulina 003,pio001,2023-12-13T15:30:08.900201Z,remove_waste,0.2,dosing_automation:turbidostat
2023-12-13 17:58:01,Spirulina 003,pio001,2023-12-13T17:58:01.020121Z,add_media,0.1,dosing_automation:turbidostat
2023-12-13 17:58:07,Spirulina 003,pio001,2023-12-13T17:58:07.304822Z,remove_waste,0.1,dosing_automation:turbidostat
2023-12-13 17:58:08,Spirulina 003,pio001,2023-12-13T17:58:08.811306Z,remove_waste,0.2,dosing_automation:turbidostat
2023-12-13 18:19:01,Spirulina 003,pio001,2023-12-13T18:19:01.014292Z,add_media,0.1,dosing_automation:turbidostat
2023-12-13 18:19:07,Spirulina 003,pio001,2023-12-13T18:19:07.294628Z,remove_waste,0.1,dosing_automation:turbidostat
2023-12-13 18:19:08,Spirulina 003,pio001,2023-12-13T18:19:08.755469Z,remove_waste,0.2,dosing_automation:turbidostat
2023-12-13 18:29:31,Spirulina 003,pio001,2023-12-13T18:29:31.117780Z,add_media,0.1,dosing_automation:turbidostat
2023-12-13 18:29:37,Spirulina 003,pio001,2023-12-13T18:29:37.412073Z,remove_waste,0.1,dosing_automation:turbidostat
2023-12-13 18:29:38,Spirulina 003,pio001,2023-12-13T18:29:38.887831Z,remove_waste,0.2,dosing_automation:turbidostat
2023-12-13 18:37:31,Spirulina 003,pio001,2023-12-13T18:37:31.012798Z,add_media,0.1,dosing_automation:turbidostat
2023-12-13 18:37:37,Spirulina 003,pio001,2023-12-13T18:37:37.313527Z,remove_waste,0.1,dosing_automation:turbidostat
2023-12-13 18:37:38,Spirulina 003,pio001,2023-12-13T18:37:38.807276Z,remove_waste,0.2,dosing_automation:turbidostat
2023-12-13 18:44:31,Spirulina 003,pio001,2023-12-13T18:44:31.120886Z,add_media,0.1,dosing_automation:turbidostat
2023-12-13 18:44:37,Spirulina 003,pio001,2023-12-13T18:44:37.415292Z,remove_waste,0.1,dosing_automation:turbidostat
2023-12-13 18:44:38,Spirulina 003,pio001,2023-12-13T18:44:38.913202Z,remove_waste,0.2,dosing_automation:turbidostat
2023-12-13 18:49:31,Spirulina 003,pio001,2023-12-13T18:49:31.015359Z,add_media,0.1,dosing_automation:turbidostat
2023-12-13 18:49:42,Spirulina 003,pio001,2023-12-13T18:49:42.322008Z,remove_waste,0.1,dosing_automation:turbidostat
2023-12-13 18:49:43,Spirulina 003,pio001,2023-12-13T18:49:43.785426Z,remove_waste,0.2,dosing_automation:turbidostat
2023-12-13 18:52:01,Spirulina 003,pio001,2023-12-13T18:52:01.015278Z,add_media,0.1,dosing_automation:turbidostat
2023-12-13 18:52:07,Spirulina 003,pio001,2023-12-13T18:52:07.279802Z,remove_waste,0.1,dosing_automation:turbidostat
2023-12-13 18:52:08,Spirulina 003,pio001,2023-12-13T18:52:08.747940Z,remove_waste,0.2,dosing_automation:turbidostat
2023-12-14 04:10:01,Spirulina 003,pio001,2023-12-14T04:10:01.011824Z,add_media,0.1,dosing_automation:turbidostat
2023-12-14 04:10:07,Spirulina 003,pio001,2023-12-14T04:10:07.266868Z,remove_waste,0.1,dosing_automation:turbidostat
2023-12-14 04:10:08,Spirulina 003,pio001,2023-12-14T04:10:08.732472Z,remove_waste,0.2,dosing_automation:turbidostat
2023-12-14 04:10:30,Spirulina 003,pio001,2023-12-14T04:10:30.905379Z,add_media,0.1,dosing_automation:turbidostat
2023-12-14 04:10:37,Spirulina 003,pio001,2023-12-14T04:10:37.162263Z,remove_waste,0.1,dosing_automation:turbidostat
2023-12-14 04:10:38,Spirulina 003,pio001,2023-12-14T04:10:38.631984Z,remove_waste,0.2,dosing_automation:turbidostat
2023-12-14 04:11:00,Spirulina 003,pio001,2023-12-14T04:11:00.909943Z,add_media,0.1,dosing_automation:turbidostat
2023-12-14 04:11:07,Spirulina 003,pio001,2023-12-14T04:11:07.184692Z,remove_waste,0.1,dosing_automation:turbidostat
2023-12-14 04:11:08,Spirulina 003,pio001,2023-12-14T04:11:08.646779Z,remove_waste,0.2,dosing_automation:turbidostat
2023-12-14 04:23:01,Spirulina 003,pio001,2023-12-14T04:23:01.017541Z,add_media,0.1,dosing_automation:turbidostat
2023-12-14 04:23:07,Spirulina 003,pio001,2023-12-14T04:23:07.290614Z,remove_waste,0.1,dosing_automation:turbidostat
2023-12-14 04:23:08,Spirulina 003,pio001,2023-12-14T04:23:08.739354Z,remove_waste,0.2,dosing_automation:turbidostat
2023-12-14 04:23:30,Spirulina 003,pio001,2023-12-14T04:23:30.990084Z,add_media,0.1,dosing_automation:turbidostat
2023-12-14 04:23:37,Spirulina 003,pio001,2023-12-14T04:23:37.256715Z,remove_waste,0.1,dosing_automation:turbidostat
2023-12-14 04:23:38,Spirulina 003,pio001,2023-12-14T04:23:38.720738Z,remove_waste,0.2,dosing_automation:turbidostat
2023-12-14 04:34:01,Spirulina 003,pio001,2023-12-14T04:34:01.011051Z,add_media,0.1,dosing_automation:turbidostat
2023-12-14 04:34:07,Spirulina 003,pio001,2023-12-14T04:34:07.280738Z,remove_waste,0.1,dosing_automation:turbidostat
2023-12-14 04:34:08,Spirulina 003,pio001,2023-12-14T04:34:08.751746Z,remove_waste,0.2,dosing_automation:turbidostat
2023-12-14 04:34:31,Spirulina 003,pio001,2023-12-14T04:34:31.101279Z,add_media,0.1,dosing_automation:turbidostat
2023-12-14 04:34:37,Spirulina 003,pio001,2023-12-14T04:34:37.372840Z,remove_waste,0.1,dosing_automation:turbidostat
2023-12-14 04:34:38,Spirulina 003,pio001,2023-12-14T04:34:38.823315Z,remove_waste,0.2,dosing_automation:turbidostat
2023-12-14 04:51:31,Spirulina 003,pio001,2023-12-14T04:51:31.015988Z,add_media,0.1,dosing_automation:turbidostat
2023-12-14 04:51:37,Spirulina 003,pio001,2023-12-14T04:51:37.290561Z,remove_waste,0.1,dosing_automation:turbidostat
2023-12-14 04:51:38,Spirulina 003,pio001,2023-12-14T04:51:38.775337Z,remove_waste,0.2,dosing_automation:turbidostat
2023-12-14 04:52:00,Spirulina 003,pio001,2023-12-14T04:52:00.915414Z,add_media,0.1,dosing_automation:turbidostat
2023-12-14 04:52:07,Spirulina 003,pio001,2023-12-14T04:52:07.188514Z,remove_waste,0.1,dosing_automation:turbidostat
2023-12-14 04:52:08,Spirulina 003,pio001,2023-12-14T04:52:08.654583Z,remove_waste,0.2,dosing_automation:turbidostat
2023-12-14 05:09:31,Spirulina 003,pio001,2023-12-14T05:09:31.012069Z,add_media,0.1,dosing_automation:turbidostat
2023-12-14 05:09:37,Spirulina 003,pio001,2023-12-14T05:09:37.283249Z,remove_waste,0.1,dosing_automation:turbidostat
2023-12-14 05:09:38,Spirulina 003,pio001,2023-12-14T05:09:38.740256Z,remove_waste,0.2,dosing_automation:turbidostat
2023-12-14 05:12:31,Spirulina 003,pio001,2023-12-14T05:12:31.012519Z,add_media,0.1,dosing_automation:turbidostat
2023-12-14 05:12:37,Spirulina 003,pio001,2023-12-14T05:12:37.275161Z,remove_waste,0.1,dosing_automation:turbidostat
2023-12-14 05:12:38,Spirulina 003,pio001,2023-12-14T05:12:38.735044Z,remove_waste,0.2,dosing_automation:turbidostat
2023-12-14 05:21:01,Spirulina 003,pio001,2023-12-14T05:21:01.014047Z,add_media,0.1,dosing_automation:turbidostat
2023-12-14 05:21:07,Spirulina 003,pio001,2023-12-14T05:21:07.286166Z,remove_waste,0.1,dosing_automation:turbidostat
2023-12-14 05:21:08,Spirulina 003,pio001,2023-12-14T05:21:08.741545Z,remove_waste,0.2,dosing_automation:turbidostat
2023-12-14 06:11:01,Spirulina 003,pio001,2023-12-14T06:11:01.013127Z,add_media,0.1,dosing_automation:turbidostat
2023-12-14 06:11:07,Spirulina 003,pio001,2023-12-14T06:11:07.267869Z,remove_waste,0.1,dosing_automation:turbidostat
2023-12-14 06:11:08,Spirulina 003,pio001,2023-12-14T06:11:08.724121Z,remove_waste,0.2,dosing_automation:turbidostat
2023-12-14 06:15:31,Spirulina 003,pio001,2023-12-14T06:15:31.120314Z,add_media,0.1,dosing_automation:turbidostat
2023-12-14 06:15:37,Spirulina 003,pio001,2023-12-14T06:15:37.432933Z,remove_waste,0.1,dosing_automation:turbidostat
2023-12-14 06:15:38,Spirulina 003,pio001,2023-12-14T06:15:38.891407Z,remove_waste,0.2,dosing_automation:turbidostat
2023-12-14 06:16:00,Spirulina 003,pio001,2023-12-14T06:16:00.912907Z,add_media,0.1,dosing_automation:turbidostat
2023-12-14 06:16:07,Spirulina 003,pio001,2023-12-14T06:16:07.189690Z,remove_waste,0.1,dosing_automation:turbidostat
2023-12-14 06:16:08,Spirulina 003,pio001,2023-12-14T06:16:08.712641Z,remove_waste,0.2,dosing_automation:turbidostat
2023-12-14 08:49:31,Spirulina 003,pio001,2023-12-14T08:49:31.009057Z,add_media,0.1,dosing_automation:turbidostat
2023-12-14 08:49:37,Spirulina 003,pio001,2023-12-14T08:49:37.283346Z,remove_waste,0.1,dosing_automation:turbidostat
2023-12-14 08:49:38,Spirulina 003,pio001,2023-12-14T08:49:38.744464Z,remove_waste,0.2,dosing_automation:turbidostat
2023-12-14 08:50:00,Spirulina 003,pio001,2023-12-14T08:50:00.916387Z,add_media,0.1,dosing_automation:turbidostat
2023-12-14 08:50:07,Spirulina 003,pio001,2023-12-14T08:50:07.187007Z,remove_waste,0.1,dosing_automation:turbidostat
2023-12-14 08:50:08,Spirulina 003,pio001,2023-12-14T08:50:08.656090Z,remove_waste,0.2,dosing_automation:turbidostat
2023-12-14 09:11:01,Spirulina 003,pio001,2023-12-14T09:11:01.016326Z,add_media,0.1,dosing_automation:turbidostat
2023-12-14 09:11:07,Spirulina 003,pio001,2023-12-14T09:11:07.299236Z,remove_waste,0.1,dosing_automation:turbidostat
2023-12-14 09:11:08,Spirulina 003,pio001,2023-12-14T09:11:08.756503Z,remove_waste,0.2,dosing_automation:turbidostat
2023-12-14 09:26:31,Spirulina 003,pio001,2023-12-14T09:26:31.016820Z,add_media,0.1,dosing_automation:turbidostat
2023-12-14 09:26:37,Spirulina 003,pio001,2023-12-14T09:26:37.328105Z,remove_waste,0.1,dosing_automation:turbidostat
2023-12-14 09:26:38,Spirulina 003,pio001,2023-12-14T09:26:38.829638Z,remove_waste,0.2,dosing_automation:turbidostat
2023-12-14 09:32:31,Spirulina 003,pio001,2023-12-14T09:32:31.094907Z,add_media,0.1,dosing_automation:turbidostat
2023-12-14 09:32:37,Spirulina 003,pio001,2023-12-14T09:32:37.388510Z,remove_waste,0.1,dosing_automation:turbidostat
2023-12-14 09:32:38,Spirulina 003,pio001,2023-12-14T09:32:38.848767Z,remove_waste,0.2,dosing_automation:turbidostat
2023-12-14 09:41:31,Spirulina 003,pio001,2023-12-14T09:41:31.013150Z,add_media,0.1,dosing_automation:turbidostat
2023-12-14 09:41:37,Spirulina 003,pio001,2023-12-14T09:41:37.319874Z,remove_waste,0.1,dosing_automation:turbidostat
2023-12-14 09:41:38,Spirulina 003,pio001,2023-12-14T09:41:38.775500Z,remove_waste,0.2,dosing_automation:turbidostat
2023-12-15 16:01:01,Spirulina 003,pio001,2023-12-15T16:01:01.103777Z,remove_waste,100.0,UI
2023-12-19 02:28:01,Spirulina 003,pio001,2023-12-19T02:28:01.017722Z,add_media,0.1,dosing_automation:turbidostat
2023-12-19 02:28:07,Spirulina 003,pio001,2023-12-19T02:28:07.290701Z,remove_waste,0.1,dosing_automation:turbidostat
2023-12-19 02:28:08,Spirulina 003,pio001,2023-12-19T02:28:08.775271Z,remove_waste,0.2,dosing_automation:turbidostat
2023-12-19 02:28:30,Spirulina 003,pio001,2023-12-19T02:28:30.908176Z,add_media,0.1,dosing_automation:turbidostat
2023-12-19 02:28:37,Spirulina 003,pio001,2023-12-19T02:28:37.173452Z,remove_waste,0.1,dosing_automation:turbidostat
2023-12-19 02:28:38,Spirulina 003,pio001,2023-12-19T02:28:38.640661Z,remove_waste,0.2,dosing_automation:turbidostat
2023-12-19 02:29:00,Spirulina 003,pio001,2023-12-19T02:29:00.910895Z,add_media,0.1,dosing_automation:turbidostat
2023-12-19 02:29:07,Spirulina 003,pio001,2023-12-19T02:29:07.183714Z,remove_waste,0.1,dosing_automation:turbidostat
2023-12-19 02:29:08,Spirulina 003,pio001,2023-12-19T02:29:08.638439Z,remove_waste,0.2,dosing_automation:turbidostat
2023-12-19 02:32:01,Spirulina 003,pio001,2023-12-19T02:32:01.015851Z,add_media,0.1,dosing_automation:turbidostat
2023-12-19 02:32:07,Spirulina 003,pio001,2023-12-19T02:32:07.293468Z,remove_waste,0.1,dosing_automation:turbidostat
2023-12-19 02:32:08,Spirulina 003,pio001,2023-12-19T02:32:08.752014Z,remove_waste,0.2,dosing_automation:turbidostat
2023-12-19 02:32:30,Spirulina 003,pio001,2023-12-19T02:32:30.913930Z,add_media,0.1,dosing_automation:turbidostat
2023-12-19 02:32:37,Spirulina 003,pio001,2023-12-19T02:32:37.185176Z,remove_waste,0.1,dosing_automation:turbidostat
2023-12-19 02:32:38,Spirulina 003,pio001,2023-12-19T02:32:38.701056Z,remove_waste,0.2,dosing_automation:turbidostat
2023-12-19 02:46:01,Spirulina 003,pio001,2023-12-19T02:46:01.014000Z,add_media,0.1,dosing_automation:turbidostat
2023-12-19 02:46:07,Spirulina 003,pio001,2023-12-19T02:46:07.297799Z,remove_waste,0.1,dosing_automation:turbidostat
2023-12-19 02:46:08,Spirulina 003,pio001,2023-12-19T02:46:08.766192Z,remove_waste,0.2,dosing_automation:turbidostat
2023-12-19 02:48:00,Spirulina 003,pio001,2023-12-19T02:48:00.997216Z,add_media,0.1,dosing_automation:turbidostat
2023-12-19 02:48:07,Spirulina 003,pio001,2023-12-19T02:48:07.418363Z,remove_waste,0.1,dosing_automation:turbidostat
2023-12-19 02:48:08,Spirulina 003,pio001,2023-12-19T02:48:08.902940Z,remove_waste,0.2,dosing_automation:turbidostat
2023-12-19 02:57:31,Spirulina 003,pio001,2023-12-19T02:57:31.009702Z,add_media,0.1,dosing_automation:turbidostat
2023-12-19 02:57:37,Spirulina 003,pio001,2023-12-19T02:57:37.283542Z,remove_waste,0.1,dosing_automation:turbidostat
2023-12-19 02:57:38,Spirulina 003,pio001,2023-12-19T02:57:38.745044Z,remove_waste,0.2,dosing_automation:turbidostat
2023-12-19 02:58:00,Spirulina 003,pio001,2023-12-19T02:58:00.911630Z,add_media,0.1,dosing_automation:turbidostat
2023-12-19 02:58:07,Spirulina 003,pio001,2023-12-19T02:58:07.169532Z,remove_waste,0.1,dosing_automation:turbidostat
2023-12-19 02:58:08,Spirulina 003,pio001,2023-12-19T02:58:08.648587Z,remove_waste,0.2,dosing_automation:turbidostat
2023-12-19 02:58:31,Spirulina 003,pio001,2023-12-19T02:58:31.001852Z,add_media,0.1,dosing_automation:turbidostat
2023-12-19 02:58:37,Spirulina 003,pio001,2023-12-19T02:58:37.306351Z,remove_waste,0.1,dosing_automation:turbidostat
2023-12-19 02:58:38,Spirulina 003,pio001,2023-12-19T02:58:38.762169Z,remove_waste,0.2,dosing_automation:turbidostat
2023-12-19 02:59:00,Spirulina 003,pio001,2023-12-19T02:59:00.909929Z,add_media,0.1,dosing_automation:turbidostat
2023-12-19 02:59:07,Spirulina 003,pio001,2023-12-19T02:59:07.181072Z,remove_waste,0.1,dosing_automation:turbidostat
2023-12-19 02:59:08,Spirulina 003,pio001,2023-12-19T02:59:08.656339Z,remove_waste,0.2,dosing_automation:turbidostat
2023-12-19 03:07:01,Spirulina 003,pio001,2023-12-19T03:07:01.010632Z,add_media,0.1,dosing_automation:turbidostat
2023-12-19 03:07:07,Spirulina 003,pio001,2023-12-19T03:07:07.269135Z,remove_waste,0.1,dosing_automation:turbidostat
2023-12-19 03:07:08,Spirulina 003,pio001,2023-12-19T03:07:08.725489Z,remove_waste,0.2,dosing_automation:turbidostat
2023-12-19 03:16:01,Spirulina 003,pio001,2023-12-19T03:16:01.011606Z,add_media,0.1,dosing_automation:turbidostat
2023-12-19 03:16:07,Spirulina 003,pio001,2023-12-19T03:16:07.293289Z,remove_waste,0.1,dosing_automation:turbidostat
2023-12-19 03:16:08,Spirulina 003,pio001,2023-12-19T03:16:08.789522Z,remove_waste,0.2,dosing_automation:turbidostat
2023-12-19 03:23:31,Spirulina 003,pio001,2023-12-19T03:23:31.020881Z,add_media,0.1,dosing_automation:turbidostat
2023-12-19 03:23:37,Spirulina 003,pio001,2023-12-19T03:23:37.281409Z,remove_waste,0.1,dosing_automation:turbidostat
2023-12-19 03:23:38,Spirulina 003,pio001,2023-12-19T03:23:38.750687Z,remove_waste,0.2,dosing_automation:turbidostat
2023-12-19 03:26:31,Spirulina 003,pio001,2023-12-19T03:26:31.015126Z,add_media,0.1,dosing_automation:turbidostat
2023-12-19 03:26:37,Spirulina 003,pio001,2023-12-19T03:26:37.278642Z,remove_waste,0.1,dosing_automation:turbidostat
2023-12-19 03:26:38,Spirulina 003,pio001,2023-12-19T03:26:38.736230Z,remove_waste,0.2,dosing_automation:turbidostat
2023-12-19 03:41:01,Spirulina 003,pio001,2023-12-19T03:41:01.017566Z,add_media,0.1,dosing_automation:turbidostat
2023-12-19 03:41:07,Spirulina 003,pio001,2023-12-19T03:41:07.282078Z,remove_waste,0.1,dosing_automation:turbidostat
2023-12-19 03:41:08,Spirulina 003,pio001,2023-12-19T03:41:08.739038Z,remove_waste,0.2,dosing_automation:turbidostat
2023-12-19 03:49:31,Spirulina 003,pio001,2023-12-19T03:49:31.117200Z,add_media,0.1,dosing_automation:turbidostat
2023-12-19 03:49:37,Spirulina 003,pio001,2023-12-19T03:49:37.414439Z,remove_waste,0.1,dosing_automation:turbidostat
2023-12-19 03:49:38,Spirulina 003,pio001,2023-12-19T03:49:38.865443Z,remove_waste,0.2,dosing_automation:turbidostat
2023-12-19 03:56:01,Spirulina 003,pio001,2023-12-19T03:56:01.018658Z,add_media,0.1,dosing_automation:turbidostat
2023-12-19 03:56:07,Spirulina 003,pio001,2023-12-19T03:56:07.303466Z,remove_waste,0.1,dosing_automation:turbidostat
2023-12-19 03:56:08,Spirulina 003,pio001,2023-12-19T03:56:08.762783Z,remove_waste,0.2,dosing_automation:turbidostat
2023-12-19 04:07:31,Spirulina 003,pio001,2023-12-19T04:07:31.008459Z,add_media,0.1,dosing_automation:turbidostat
2023-12-19 04:07:37,Spirulina 003,pio001,2023-12-19T04:07:37.266139Z,remove_waste,0.1,dosing_automation:turbidostat
2023-12-19 04:07:38,Spirulina 003,pio001,2023-12-19T04:07:38.717232Z,remove_waste,0.2,dosing_automation:turbidostat
2023-12-19 04:17:01,Spirulina 003,pio001,2023-12-19T04:17:01.072742Z,add_media,0.1,dosing_automation:turbidostat
2023-12-19 04:17:07,Spirulina 003,pio001,2023-12-19T04:17:07.335386Z,remove_waste,0.1,dosing_automation:turbidostat
2023-12-19 04:17:08,Spirulina 003,pio001,2023-12-19T04:17:08.793461Z,remove_waste,0.2,dosing_automation:turbidostat
2023-12-19 04:33:31,Spirulina 003,pio001,2023-12-19T04:33:31.013989Z,add_media,0.1,dosing_automation:turbidostat
2023-12-19 04:33:37,Spirulina 003,pio001,2023-12-19T04:33:37.277181Z,remove_waste,0.1,dosing_automation:turbidostat
2023-12-19 04:33:38,Spirulina 003,pio001,2023-12-19T04:33:38.730750Z,remove_waste,0.2,dosing_automation:turbidostat
2023-12-19 04:41:31,Spirulina 003,pio001,2023-12-19T04:41:31.009604Z,add_media,0.1,dosing_automation:turbidostat
2023-12-19 04:41:37,Spirulina 003,pio001,2023-12-19T04:41:37.293553Z,remove_waste,0.1,dosing_automation:turbidostat
2023-12-19 04:41:38,Spirulina 003,pio001,2023-12-19T04:41:38.775220Z,remove_waste,0.2,dosing_automation:turbidostat
2023-12-19 05:02:31,Spirulina 003,pio001,2023-12-19T05:02:31.015092Z,add_media,0.1,dosing_automation:turbidostat
2023-12-19 05:02:37,Spirulina 003,pio001,2023-12-19T05:02:37.335035Z,remove_waste,0.1,dosing_automation:turbidostat
2023-12-19 05:02:38,Spirulina 003,pio001,2023-12-19T05:02:38.825534Z,remove_waste,0.2,dosing_automation:turbidostat
2023-12-19 05:31:31,Spirulina 003,pio001,2023-12-19T05:31:31.022981Z,add_media,0.1,dosing_automation:turbidostat
2023-12-19 05:31:37,Spirulina 003,pio001,2023-12-19T05:31:37.281041Z,remove_waste,0.1,dosing_automation:turbidostat
2023-12-19 05:31:38,Spirulina 003,pio001,2023-12-19T05:31:38.756988Z,remove_waste,0.2,dosing_automation:turbidostat
2023-12-19 06:57:31,Spirulina 003,pio001,2023-12-19T06:57:31.016531Z,add_media,0.1,dosing_automation:turbidostat
2023-12-19 06:57:37,Spirulina 003,pio001,2023-12-19T06:57:37.322578Z,remove_waste,0.1,dosing_automation:turbidostat
2023-12-19 06:57:38,Spirulina 003,pio001,2023-12-19T06:57:38.813031Z,remove_waste,0.2,dosing_automation:turbidostat
2023-12-19 09:31:01,Spirulina 003,pio001,2023-12-19T09:31:01.016024Z,add_media,0.1,dosing_automation:turbidostat
2023-12-19 09:31:07,Spirulina 003,pio001,2023-12-19T09:31:07.282850Z,remove_waste,0.1,dosing_automation:turbidostat
2023-12-19 09:31:08,Spirulina 003,pio001,2023-12-19T09:31:08.756390Z,remove_waste,0.2,dosing_automation:turbidostat
